-- phpMyAdmin SQL Dump
-- version 5.2.0
-- https://www.phpmyadmin.net/
--
-- Servidor: 127.0.0.1:3306
-- Tiempo de generación: 20-04-2024 a las 00:38:16
-- Versión del servidor: 8.0.31
-- Versión de PHP: 8.2.0

SET SQL_MODE = "NO_AUTO_VALUE_ON_ZERO";
START TRANSACTION;
SET time_zone = "+00:00";


/*!40101 SET @OLD_CHARACTER_SET_CLIENT=@@CHARACTER_SET_CLIENT */;
/*!40101 SET @OLD_CHARACTER_SET_RESULTS=@@CHARACTER_SET_RESULTS */;
/*!40101 SET @OLD_COLLATION_CONNECTION=@@COLLATION_CONNECTION */;
/*!40101 SET NAMES utf8mb4 */;

--
-- Base de datos: `tienda_ropa`
--

-- --------------------------------------------------------

--
-- Estructura de tabla para la tabla `categorias`
--

DROP TABLE IF EXISTS `categorias`;
CREATE TABLE IF NOT EXISTS `categorias` (
  `id` int NOT NULL AUTO_INCREMENT,
  `categoria` varchar(50) COLLATE utf8mb4_general_ci NOT NULL,
  PRIMARY KEY (`id`)
) ENGINE=InnoDB AUTO_INCREMENT=17 DEFAULT CHARSET=utf8mb4 COLLATE=utf8mb4_general_ci;

--
-- Volcado de datos para la tabla `categorias`
--

INSERT INTO `categorias` (`id`, `categoria`) VALUES
(1, 'Tops'),
(2, 'Vestidos'),
(3, 'Jeans-Mujer'),
(4, 'Conjuntos-Mujer'),
(5, 'Sudaderas-Mujer'),
(6, 'Pans-Mujer'),
(7, 'Chamarra-Mujer'),
(8, 'Bolsas'),
(9, ' Playera-Hombre'),
(10, 'Sudadera-Hombre'),
(11, 'Chamarra-Hombre'),
(12, 'Jeans-Hombre'),
(13, 'Pans-Hombre'),
(14, 'Camisas-Hombre'),
(15, 'Gorras'),
(16, 'Tenis');

-- --------------------------------------------------------

--
-- Estructura de tabla para la tabla `productos`
--

DROP TABLE IF EXISTS `productos`;
CREATE TABLE IF NOT EXISTS `productos` (
  `id` int NOT NULL AUTO_INCREMENT,
  `nombre` varchar(255) COLLATE utf8mb4_general_ci NOT NULL,
  `descripcion` text COLLATE utf8mb4_general_ci NOT NULL,
  `precio_normal` decimal(10,2) NOT NULL,
  `precio_rebajado` decimal(10,2) NOT NULL,
  `cantidad` int NOT NULL,
  `imagen` varchar(50) COLLATE utf8mb4_general_ci NOT NULL,
  `id_categoria` int NOT NULL,
  PRIMARY KEY (`id`),
  KEY `id_categoria` (`id_categoria`)
) ENGINE=InnoDB AUTO_INCREMENT=1121 DEFAULT CHARSET=utf8mb4 COLLATE=utf8mb4_general_ci;

--
-- Volcado de datos para la tabla `productos`
--

INSERT INTO `productos` (`id`, `nombre`, `descripcion`, `precio_normal`, `precio_rebajado`, `cantidad`, `imagen`, `id_categoria`) VALUES
(126, 'ROMWE X Attack on Titan ', 'Playera de hombre con estampado de cráneo y letras, diseñada en colaboración con Attack on Titan. Ideal para los amantes del anime y la moda urbana.', '530.00', '480.00', 20, '126.jpg', 9),
(127, 'Camiseta con estampado', 'Playera de hombre con estampado floral y slogan, perfecta para la primavera y el verano. Ligera y cómoda, ideal para cualquier ocasión.', '480.00', '430.00', 20, '127.jpg', 9),
(128, 'ROMWE X Attack on Titan', 'Playera de hombre con gráfico de figura inspirado en Attack on Titan. Un diseño llamativo y cómodo para expresar tu estilo único.', '550.00', '500.00', 20, '128.jpg', 9),
(129, 'Camiseta con estampado', 'Playera de hombre con divertido estampado de dibujos animados. Ideal para aquellos que buscan un toque de humor en su estilo diario.', '420.00', '370.00', 20, '129.jpg', 9),
(130, 'Manfinity Homme ', 'Playera de hombre con estampado de letra en colores combinados. Moderna y versátil, perfecta para cualquier ocasión casual.', '610.00', '560.00', 20, '130.jpg', 9),
(131, 'Manfinity Hypemode ', 'Playera de hombre con diseño de expresión y hombros caídos. Una opción elegante y cómoda para destacar en cualquier reunión.', '520.00', '470.00', 20, '131.jpg', 9),
(132, 'Playera Manfinity EMRG', 'Hombros caídos, estampado dibujos animados, estilo relajado.', '580.00', '530.00', 20, '132.jpg', 9),
(133, 'Playera Manfinity Hypemode', 'Unicolor, detalle cremallera frontal, moderna y vanguardista.', '490.00', '440.00', 20, '133.jpg', 9),
(134, 'Playera japonesa', 'Estampado letra japonesa, dragón, audaz y enérgica.', '590.00', '540.00', 20, '134.jpg', 9),
(135, 'Playera Manfinity Homme floral', 'Estampado floral, cuello alto, elegante y llamativa.', '630.00', '580.00', 20, '135.jpg', 9),
(136, 'Playera Manfinity Hypemode ribete', 'Estampado letra, ribete contraste, moderna y llamativa.', '480.00', '430.00', 20, '136.jpg', 9),
(137, 'Playera Manfinity Hypemode japonesa', 'Estampado letra japonesa, dibujos animados, estilo urbano.', '550.00', '500.00', 20, '137.jpg', 9),
(138, 'Playera japonesa figura', 'Estampado letra japonesa, figura, única y llena personalidad.', '500.00', '450.00', 20, '138.jpg', 9),
(139, 'Playera algodón', 'Algodón, estampado letra japonesa, cómoda y artística.', '600.00', '550.00', 20, '139.jpg', 9),
(140, 'Playera Baki 2purple', 'Inspirada anime Baki, diseño 2purple, imprescindible seguidores serie.', '520.00', '470.00', 20, '140.jpg', 9),
(141, 'Playera Manfinity EMRG animados', 'Estampado slogan, dibujos animados, divertida y expresiva.', '580.00', '530.00', 20, '141.jpg', 9),
(142, 'Playera dibujos animados', 'Estampado dibujos animados, juvenil y moderna.', '420.00', '370.00', 20, '142.jpg', 9),
(143, 'Playera planeta', 'Estampado planeta, letra, amantes astronomía, diseño único.', '530.00', '480.00', 20, '143.jpg', 9),
(144, 'Playera Berserk Black', 'Inspirada anime Berserk, diseño Black Swordman, urbana.', '480.00', '430.00', 20, '144.jpg', 9),
(145, 'Playera coche', 'Estampado letra japonesa, diseño coche, moderna y estilizada.', '550.00', '500.00', 20, '145.jpg', 9),
(146, 'Playera estampado letra', 'Estampado letra, clásica y versátil, ocasión casual.', '420.00', '370.00', 20, '146.jpg', 9),
(147, 'Playera DAZY', 'Unicolor, cuello redondo, básica y cómoda.', '490.00', '440.00', 20, '147.jpg', 9),
(148, 'Playera extraterrestre', 'Estampado extraterrestre, slogan, divertida y expresiva.', '590.00', '540.00', 20, '148.jpg', 9),
(149, 'Playera Manfinity', 'Estampado slogan, audaz y llena actitud.', '480.00', '430.00', 20, '149.jpg', 9),
(150, 'Playera Manfinity EMRG contraste', 'Estampado letra, ribete contraste, moderna y llamativa.', '530.00', '480.00', 20, '150.jpg', 9),
(151, 'Playera Manfinity Sporsity', 'Estampado letra, versátil y cómoda, día a día.', '480.00', '430.00', 20, '151.jpg', 9),
(152, 'Playera Manfinity Hypemode dibujos', 'Estampado dibujos animados, divertida y juvenil.', '550.00', '500.00', 20, '152.jpg', 9),
(153, 'Playera manga corta', 'Estampado extraterrestre manga corta, diseño único y cómodo.', '500.00', '450.00', 20, '153.jpg', 9),
(154, 'Playera figura japonesa', 'Hombros caídos, estampado figura, estilo moderno fanáticos anime.', '600.00', '550.00', 20, '154.jpg', 9),
(155, 'Playera bordado letra', 'Hombros caídos, bordado letra, elegante y cómoda.', '610.00', '560.00', 20, '155.jpg', 9),
(156, 'Playera Manfinity EMRG', 'Hombros caídos, estampado slogan, dibujos animados, divertida y expresiva.', '580.00', '530.00', 20, '156.jpg', 9),
(157, 'Playera estampado Anime', 'Estampado figura, amantes arte, cultura pop, llamativa ocasión.', '520.00', '470.00', 20, '157.jpg', 9),
(158, 'Playera estampado paisaje', 'Estampado paisaje, única y artística.', '630.00', '580.00', 20, '158.jpg', 9),
(159, 'Playera estampado floral Manfinity Homme', 'Estampado floral, slogan, elegante y moderna, ocasiones especiales.', '480.00', '430.00', 20, '159.jpg', 9),
(160, 'Playera estampado basico', 'Estampado dibujos animados, divertida y juvenil, desenfadado.', '420.00', '370.00', 20, '160.jpg', 9),
(161, 'Playera dos tonos', 'Estampado letra dos tonos, moderna y versátil.', '610.00', '560.00', 20, '161.jpg', 9),
(162, 'Playera ROMWE girasol', 'Slogan, estampado girasol, fresca y moderna, primavera-verano.', '480.00', '430.00', 20, '162.jpg', 9),
(163, 'Playera Manfinity Chillmode', 'Hombros caídos, estampado floral, slogan, estilo relajado.', '530.00', '480.00', 20, '163.jpg', 9),
(164, 'Playera estampado letra', 'Estampado letra, moderna y llamativa, resaltar estilo único.', '530.00', '480.00', 20, '164.jpg', 9),
(165, 'Playera Manfinity Sporsity', 'Estampado rayas letra, versátil y cómoda, día a día.', '480.00', '430.00', 20, '165.jpg', 9),
(166, 'Playera algodón', 'Algodón, estampado extraterrestre, divertida y cómoda.', '590.00', '540.00', 20, '166.jpg', 9),
(167, 'Playera estampado Manfinity Hypemode', 'Estampado slogan, audaz y expresiva, destacar personalidad estilo.', '480.00', '430.00', 20, '167.jpg', 9),
(168, 'Playera cuadros', 'Estampado cuadros, cuello redondo, clásica y versátil.', '490.00', '440.00', 20, '168.jpg', 9),
(169, 'Playera tejido canalé', 'Unicolor, tejido canalé, moderna y vanguardista.', '540.00', '490.00', 20, '169.jpg', 9),
(170, 'Playera Manfinity Sporsity', 'Estampado letra, versátil y cómoda, día a día.', '480.00', '430.00', 20, '170.jpg', 9),
(171, 'Playera algodón estampado', 'Algodón, estampado slogan, cuello alto, elegante y cómoda.', '590.00', '540.00', 20, '171.jpg', 9),
(172, 'Playera Manfinity LEGND', 'Estampado letra rayas, moderna y llamativa, resaltar estilo único.', '530.00', '480.00', 20, '172.jpg', 9),
(173, 'Playera Homme', 'Estampado slogan, elegante y moderna, ocasiones especiales.', '590.00', '540.00', 20, '173.jpg', 9),
(174, 'Playera Paris', 'Estampado ciudad París, urbana y moderna, amantes destinos icónicos.', '540.00', '490.00', 20, '174.jpg', 9),
(175, 'Playera letra & bebida', 'Estampado letra bebida, fresca y moderna, toque originalidad.', '520.00', '470.00', 20, '175.jpg', 9),
(176, 'Playera algodón ROMWE Street', 'Algodón, estampado cráneo, slogan, llamativa y cómoda.', '520.00', '470.00', 20, '176.jpg', 9),
(177, 'Playera estampado slogan', 'Estampado slogan, audaz y expresiva, destacar personalidad estilo.', '480.00', '430.00', 20, '177.jpg', 9),
(178, 'Playera estampado póker', 'Estampado póker, amantes juego, toque estilo y suerte.', '500.00', '450.00', 20, '178.jpg', 9),
(179, 'Playera Manfinity Hypemode cuello redondo', 'Camiseta unicolor cuello redondo, clásica y cómoda, día a día.', '490.00', '440.00', 20, '179.jpg', 9),
(180, 'Playera letra japonesa & estampado coche', 'Camiseta letra japonesa, estampado coche, urbano y moderno.', '530.00', '480.00', 20, '180.jpg', 9),
(181, 'Playera EMRG ribete contraste', 'Camiseta estampado slogan, ribete contraste, estilo único y llamativo.', '480.00', '430.00', 20, '181.jpg', 9),
(182, 'Playera raglán diseño parche', 'Camiseta color combinado, manga raglán, diseño parche, casual y deportiva.', '520.00', '470.00', 20, '182.jpg', 9),
(183, 'Playera Manfinity RSRT', 'Camiseta tropical con estampado de árbol para un estilo fresco y veraniego.', '570.00', '520.00', 20, '183.jpg', 9),
(184, 'Playera Manfinity Hypemode', 'Camiseta con estampado de girasol y letra para un look alegre y lleno de energía positiva.', '530.00', '480.00', 20, '184.jpg', 9),
(185, 'Playera Manfinity LEGND', 'Camiseta con estampado de figura para un estilo moderno y vanguardista.', '540.00', '490.00', 20, '185.jpg', 9),
(186, 'Playera gráfica', 'Camiseta gráfica con diseño de mano para un toque artístico y creativo.', '500.00', '450.00', 20, '186.jpg', 9),
(187, 'Playera Manfinity AFTRDRK', 'Camiseta con estampado de letra y diseño de hombros caídos de terciopelo.', '510.00', '460.00', 20, '187.jpg', 9),
(189, 'Sudadera MET Beige', 'Gráfico elegante, cálido algodón, estilo moderno.', '449.00', '399.00', 20, '189.jpg', 10),
(190, 'Sudadera MET Negro', 'Estilo gráfico, suave algodón, versatilidad moderna.', '449.00', '399.00', 20, '190.jpg', 10),
(191, 'Sudadera MET Blanco', 'Diseño gráfico, comodidad algodón, moda contemporánea.', '449.00', '399.00', 20, '191.jpg', 10),
(192, 'Hoodie Scarface Azul', 'Estampado fotográfico, suavidad algodón, estilo urbano.', '449.00', '399.00', 20, '192.jpg', 10),
(193, 'Hoodie Scarface Negro', 'Estampado fotográfico, cálido algodón, urbano moderno.', '449.00', '399.00', 20, '193.jpg', 10),
(194, 'Hoodie Scarface Beige', 'Estampado fotográfico, confort algodón, estilo callejero.', '449.00', '399.00', 20, '194.jpg', 10),
(195, 'Sudadera MET Egipcia Negro', 'Logo MET contrastante, algodón suave, estilo urbano.', '449.00', '399.00', 20, '195.jpg', 10),
(196, 'Sudadera MET Egipcia Azul', 'Logo MET contrastante, suavidad algodón, toque moderno.', '449.00', '399.00', 20, '196.jpg', 10),
(197, 'Sudadera MET Egipcia Blanco', 'Logo MET contrastante, algodón cómodo, estilo contemporáneo.', '449.00', '399.00', 20, '197.jpg', 10),
(198, 'Hoodie Básica Beige', 'Básico moderno, cálido algodón, versatilidad diaria.', '449.00', '399.00', 20, '198.jpg', 10),
(199, 'Hoodie Básica Negro', 'Básico esencial, suavidad algodón, estilo cotidiano.', '449.00', '399.00', 20, '199.jpg', 10),
(200, 'Hoodie Básica Blanco', 'Básico atemporal, confort algodón, look diario.', '449.00', '399.00', 20, '200.jpg', 10),
(201, 'Hoodie Básica Azul', 'Básico relajado, cálido algodón, estilo casual.', '449.00', '399.00', 20, '201.jpg', 10),
(202, 'Hoodie Básica Morado', 'Básico vibrante, suavidad algodón, moda diaria.', '449.00', '399.00', 20, '202.jpg', 10),
(203, 'Hoodie Básica Azul Oscuro', 'Básico moderno, rib en puños, mezcla algodón.', '449.00', '399.00', 20, '203.jpg', 10),
(204, 'Hoodie Básica Naranja', 'Básico llamativo, rib en puños, algodón cómodo.', '449.00', '399.00', 20, '204.jpg', 10),
(205, 'Hoodie Básica Azul Claro', 'Básico fresco, rib en puños, algodón suave.', '449.00', '399.00', 20, '205.jpg', 10),
(206, 'Hoodie Básica Verde Menta', 'Básico moderno, rib en puños, algodón cómodo.', '449.00', '399.00', 20, '206.jpg', 10),
(207, 'Hoodie Básica Gris', 'Básico versátil, rib en puños, algodón suave.', '449.00', '399.00', 20, '207.jpg', 10),
(208, 'Hoodie Básica Fluorescente', 'Básico llamativo, rib en puños, algodón cómodo.', '449.00', '399.00', 20, '208.jpg', 10),
(209, 'Hoodie Básica Rosa', 'Básico vibrante, rib en puños, algodón suave.', '449.00', '399.00', 20, '209.jpg', 10),
(210, 'Hoodie Básica Gris Pardo', 'Básico moderno, rib en puños, algodón cómodo.', '449.00', '399.00', 20, '210.jpg', 10),
(211, 'Hoodie Básica Rojo', 'Básico clásico, rib en puños, algodón suave.', '449.00', '399.00', 20, '211.jpg', 10),
(212, 'Hoodie Básica Amarilla', 'Básico llamativo, rib en puños, algodón cómodo.', '449.00', '399.00', 20, '212.jpg', 10),
(213, 'Hoodie One Piece Zoro Gris', 'Licencia One Piece, algodón suave, estilo único.', '449.00', '399.00', 20, '213.jpg', 10),
(214, 'Hoodie One Piece Zoro Blanca', 'Licencia One Piece, algodón cómodo, estilo distintivo.', '449.00', '399.00', 20, '214.jpg', 10),
(215, 'Hoodie One Piece Zoro Negra', 'Licencia One Piece, algodón suave, toque personal.', '449.00', '399.00', 20, '215.jpg', 10),
(216, 'Hoodie Verde Gráfico Serpiente Oscuro', 'Gráfico serpiente, algodón cómodo, estilo llamativo.', '449.00', '399.00', 20, '216.jpg', 10),
(217, 'Hoodie Verde Gráfico Serpiente Negra', 'Gráfico serpiente, suavidad algodón, look distintivo.', '449.00', '399.00', 20, '217.jpg', 10),
(218, 'Hoodie Verde Gráfico Serpiente Blanco', 'Gráfico serpiente, algodón cómodo, estilo moderno.', '449.00', '399.00', 20, '218.jpg', 10),
(219, 'Hoodie Calaveras Wolgemut Beige', 'Licencia Wolgemut, manga larga, diseño único.', '749.00', '699.00', 20, '219.jpg', 10),
(220, 'Hoodie Calaveras Wolgemut Negra', 'Licencia Wolgemut, manga larga, estilo distintivo.', '749.00', '699.00', 20, '220.jpg', 10),
(221, 'Hoodie Calaveras Wolgemut Blanca', 'Licencia Wolgemut, manga larga, toque personal.', '749.00', '699.00', 20, '221.jpg', 10),
(222, 'Sudadera Manga Larga Capucha Blanco', 'Logo distintivo, cálido algodón, estilo urbano.', '599.00', '549.00', 20, '222.jpg', 10),
(223, 'Sudadera Manga Larga Capucha Beige', 'Logo llamativo, algodón suave, look moderno.', '599.00', '549.00', 20, '223.jpg', 10),
(224, 'Sudadera Manga Larga Capucha Negro', 'Logo moderno, cálido algodón, versatilidad diaria.', '599.00', '549.00', 20, '224.jpg', 10),
(225, 'Sudadera Manga Larga Capucha Azul', 'Logo urbano, suave algodón, estilo distintivo.', '599.00', '549.00', 20, '225.jpg', 10),
(226, 'Sudadera Manga Larga Capucha Gris', 'Logo moderno, cálido algodón, versatilidad diaria.', '599.00', '549.00', 20, '226.jpg', 10),
(227, 'Sudadera Manga Larga Capucha Verde', 'Logo llamativo, algodón suave, estilo moderno.', '599.00', '549.00', 20, '227.jpg', 10),
(228, 'Sudadera Manga Larga Capucha Morado', 'Logo moderno, cálido algodón, versatilidad diaria.', '599.00', '549.00', 20, '228.jpg', 10),
(229, 'Sudadera Manga Larga Capucha Rojo', 'Logo urbano, suave algodón, estilo distintivo.', '599.00', '549.00', 20, '229.jpg', 10),
(230, 'Sudadera Manga Larga Capucha Azul Claro', 'Logo moderno, cálido algodón, versatilidad diaria.', '599.00', '549.00', 20, '230.jpg', 10),
(231, 'Hoodie NFL New York Jets', 'Logo NFL, equipo NY Jets, estilo deportivo.', '699.00', '649.00', 20, '231.jpg', 10),
(232, 'Hoodie NFL New York Jets', 'Logo NFL, equipo NY Jets, estilo deportivo.', '699.00', '649.00', 20, '232.jpg', 10),
(233, 'Hoodie NFL New York Jets', 'Logo NFL, equipo NY Jets, estilo deportivo.', '699.00', '649.00', 20, '233.jpg', 10),
(234, 'Hoodie Tupac Blanco', 'Logo Tupac, cierre snap, estilo callejero.', '699.00', '649.00', 20, '234.jpg', 10),
(235, 'Hoodie Tupac Negro', 'Logo Tupac, cierre snap, estilo callejero.', '699.00', '649.00', 20, '235.jpg', 10),
(236, 'Hoodie Tupac Gris', 'Logo Tupac, cierre snap, estilo callejero.', '699.00', '649.00', 20, '236.jpg', 10),
(237, 'Hoodie Negra Brooklyn', 'Texto \"Brooklyn\" bordado, manga larga, estilo urbano.', '699.00', '649.00', 20, '237.jpg', 10),
(238, 'Hoodie Blanca Brooklyn', 'Texto \"Brooklyn\" bordado, manga larga, look distintivo.', '699.00', '649.00', 20, '238.jpg', 10),
(239, 'Hoodie Gris Brooklyn', 'Texto \"Brooklyn\" bordado, manga larga, estilo moderno.', '699.00', '649.00', 20, '239.jpg', 10),
(240, 'Hoodie NFL Philadelphia Eagles Gris', 'Logo NFL, equipo Philly Eagles, estilo deportivo.', '800.00', '750.00', 20, '240.jpg', 10),
(241, 'Hoodie NFL Philadelphia Eagles Beige', 'Logo NFL, equipo Philly Eagles, look distintivo.', '800.00', '750.00', 20, '241.jpg', 10),
(242, 'Hoodie NFL Philadelphia Eagles Blanco', 'Logo NFL, equipo Philly Eagles, capucha ajustable.', '800.00', '750.00', 20, '242.jpg', 10),
(243, 'Hoodie Logo Texto Rosa', 'Varios tonos, logo y texto, estilo moderno.', '899.00', '849.00', 20, '243.jpg', 10),
(244, 'Hoodie Logo Texto Verde', 'Varios tonos, logo y texto, look distintivo.', '899.00', '849.00', 20, '244.jpg', 10),
(245, 'Hoodie Logo Texto Lima', 'Varios tonos, logo y texto, estilo moderno.', '899.00', '849.00', 20, '245.jpg', 10),
(246, 'Hoodie Logo Texto Negro', 'Varios tonos, logo y texto, look llamativo.', '899.00', '849.00', 20, '246.jpg', 10),
(247, 'Hoodie Logo Texto Rojo', 'Varios tonos, logo y texto, estilo moderno.', '899.00', '849.00', 20, '247.jpg', 10),
(248, 'Hoodie Logo Texto Verde Oscuro', 'Varios tonos, logo y texto, look distintivo.', '899.00', '849.00', 20, '248.jpg', 10),
(249, 'Hoodie Logo Texto Fluorescente', 'Varios tonos, logo y texto, estilo llamativo.', '899.00', '849.00', 20, '249.jpg', 10),
(250, 'Hoodie Logo Texto Blanco', 'Varios tonos, logo y texto, look moderno.', '899.00', '849.00', 20, '250.jpg', 10),
(251, 'Top halter', 'Crop con diamante de imitación ribete con fleco de espalda con abertura de ojo', '187.00', '187.00', 25, '251.jpg', 1),
(252, 'Top corto', 'Diseño de cadena asimétrico', '135.00', '114.00', 25, '252.jpg', 1),
(253, 'Camiseta crop', 'Camiseta crop de manga gigot', '134.00', '120.00', 25, '253.jpg', 1),
(254, 'Privé Camiseta', 'Camiseta corta tejida de canalé con abertura de cuello alto', '170.00', '144.00', 25, '254.jpg', 1),
(255, 'Top de tirantes', ' Top de tirantes de hombros con cordón bustier de terciopelo', '181.00', '143.00', 25, '255.jpg', 1),
(256, ' Privé Camiseta ', 'Camiseta delgada unicolor de manga farol', '144.00', '122.00', 25, '256.jpg', 1),
(257, 'DAZY Kpop', 'Camiseta crop de hombros descubiertos de manga raglán', '190.00', '190.00', 25, '257.jpg', 1),
(258, 'Top bandeau', 'Corto de satén', '160.00', '136.00', 25, '258.jpg', 1),
(259, 'Top crop ', 'Tejido de canalé', '109.00', '92.00', 25, '259.jpg', 1),
(260, 'Top de tirantes', 'Espalda abierta con cordón cuero PU', '85.00', '59.00', 25, '260.jpg', 1),
(261, ' EZwear 3 piezas', 'Top tank tejido de canalé de cuello alto', '308.00', '261.00', 25, '261.jpg', 1),
(262, 'EZwear Top corto', 'Tejido de canalé con un hombro', '116.00', '98.00', 25, '262.jpg', 1),
(263, 'Top de cuello', 'Asimétrico unicolor', '99.00', '69.00', 25, '263.jpg', 1),
(264, 'Top tank', 'Cintura con cordón', '111.00', '77.00', 25, '264.jpg', 1),
(265, ' Frenchy Camiseta', 'Escote corazón pecho con fruncido tejido de canalé', '173.00', '173.00', 25, '265.jpg', 1),
(266, 'Top halter', 'Crop unicolor', '135.00', '94.00', 25, '266.jpg', 1),
(267, 'Top crop', 'Diseño de diamante de imitación', '433.00', '433.00', 25, '267.jpg', 1),
(268, 'Top unicolor', 'Cuello asimétrico tejido de canalé', '100.00', '76.00', 25, '268.jpg', 1),
(269, 'SXY Top unicolor', 'Hombro fruncido', '124.00', '111.00', 25, '269.jpg', 1),
(270, ' Privé Top', 'Hombros descubiertos tejido de canalé', '175.00', '105.25', 25, '270.jpg', 1),
(271, ' Privé Camiseta', 'Crop unicolor de espalda abierta', '97.00', '97.00', 25, '271.jpg', 1),
(272, ' Essnce Camiseta crop', 'Tira cruzada con cordón trasero', '110.00', '66.00', 25, '272.jpg', 1),
(273, 'Privé Top corto', 'Estampado de corazón asimétrico', '91.00', '90.00', 25, '273.jpg', 1),
(274, 'ICON Top', 'Tirantes con cuenta de perla con parche de corazón', '134.00', '93.00', 25, '274.jpg', 1),
(275, 'Camiseta crop', 'Estampado de letra', '127.00', '88.00', 25, '275.jpg', 1),
(276, 'SXY Top corto', 'Unicolor de un hombro con abertura tejido de canalé', '107.00', '107.00', 25, '276.jpg', 1),
(277, 'Top bandeau', 'Ribete lanudo', '129.00', '90.00', 25, '277.jpg', 1),
(278, 'EZwear Top crop', 'Estampado de estrella de malla transparente sin top tubo', '91.00', '77.00', 25, '278.jpg', 1),
(279, 'Top Ajustado', 'Estilo Corset De Mujer Basico Manga Larga Con Encaje Floral Y Cuero Elegante', '280.00', '136.00', 25, '279.jpg', 1),
(280, 'VCAY Top de tirantes', 'Estampado de paisley bajo hanky', '134.00', '93.00', 25, '280.jpg', 1),
(281, ' Coolane Top', 'Tirantes corto con estampado de esqueleto', '96.00', '96.00', 25, '281.jpg', 1),
(282, 'EZwear Camiseta crop', 'Estampado de letra de hombros caídos', '199.00', '169.00', 25, '282.jpg', 1),
(283, 'Essnce Top halter', 'Espalda con tira cruzada', '114.00', '114.00', 25, '283.jpg', 1),
(284, 'PETITE Top crop', 'Hombros descubiertos', '123.00', '86.00', 25, '284.jpg', 1),
(285, ' Frenchy Top corto', 'Escote corazón con cordón de manga farol', '204.00', '173.00', 25, '285.jpg', 1),
(286, 'Qutie Top', 'Tirantes con estampado de dibujos animados ribete en forma de lechuga', '74.00', '51.00', 25, '286.jpg', 1),
(287, 'Privé Top', 'Tirantes crop con estampado de pata de gallo', '83.00', '70.00', 25, '287.jpg', 1),
(288, 'SXY Camiseta corta', 'Unicolor con cordón delantero', '146.00', '146.00', 25, '288.jpg', 1),
(289, 'EZwear Camiseta', 'Crop de cuello de muesca de hombros caídos', '104.00', '87.00', 25, '289.jpg', 1),
(290, 'BAE Top halter', 'nudo de cordón delantero tejido de canalé', '118.00', '118.00', 25, '290.jpg', 1),
(291, ' ICON Top halter corto ', 'Estampado de corazón con diseño de aro de espalda abierta con nudo', '125.00', '112.00', 25, '291.jpg', 1),
(292, 'Privé 2 piezas', 'Top tubo corto girante delantero', '158.00', '140.00', 25, '292.jpg', 1),
(293, 'Top halter ', 'Moda de dopamina con tira cruzada con nudo delantero de espalda abierta', '89.00', '80.00', 25, '293.jpg', 1),
(294, 'Top de cuello ', 'Ribete en forma de lechuga crop brillante', '89.00', '80.00', 25, '294.jpg', 1),
(295, ' Top tank', 'Estampado de dibujos animados tejido de canalé', '123.00', '98.00', 25, '295.jpg', 1),
(296, 'Privé 3 piezas', 'Top corto de espalda con cordón', '199.00', '169.00', 25, '296.jpg', 1),
(297, ' ICON Top halter', 'Tira cruzada pecho con fruncido de color combinado', '89.00', '78.00', 25, '297.jpg', 1),
(298, ' WYWH Top halter', 'Estampado', '78.00', '75.00', 25, '298.jpg', 1),
(299, ' Top de tirantes ', 'Araña con estampado unido en contraste', '97.00', '95.00', 25, '299.jpg', 1),
(300, 'Top bandeau', 'Estampado de girasol', '76.00', '74.00', 25, '300.jpg', 1),
(301, 'WYWH Top bandeau', 'Estampado floral', '91.00', '90.00', 25, '301.jpg', 1),
(302, 'ICON Top halter', 'Estampado de mármol de espalda con tira cruzada', '87.00', '86.00', 25, '302.jpg', 1),
(303, 'Camiseta corta', 'Estampado de letra y mariposa', '149.00', '145.00', 25, '303.jpg', 1),
(304, 'Top de tirantes ', 'Mariposa de color metálico enlace', '138.00', '120.00', 25, '304.jpg', 1),
(305, 'Top halter floral ', 'Margarita con cordón', '78.00', '75.00', 25, '305.jpg', 1),
(306, 'Top de tirantes ', 'Unido en contraste', '94.00', '90.00', 25, '306.jpg', 1),
(307, ' Qutie Top halter', 'Tejido de canalé unicolor', '104.00', '100.00', 25, '307.jpg', 1),
(308, ' EZwear Top tubo', 'Tejido de canalé de rayas', '81.00', '80.00', 25, '308.jpg', 1),
(309, 'ICON Top halter ', 'Espalda abierta con cordón con estampado de mármol', '77.00', '70.00', 25, '309.jpg', 1),
(310, 'Top tank', 'Estampado de corazón ribete en forma de lechuga', '81.00', '79.00', 25, '310.jpg', 1),
(311, 'Unity Top', 'Corto con diseño metálico', '124.00', '120.00', 25, '311.jpg', 1),
(312, ' EZwear Top halter', 'Color combinado ribete en forma de lechuga', '77.00', '75.00', 25, '312.jpg', 1),
(313, 'Qutie Top de tirantes', 'Corto tejido de canalé con bordado de cereza', '90.00', '88.00', 25, '313.jpg', 1),
(314, 'Privé Vestido', 'Cuello cruzado de manga farol con cinturón de color metálico', '430.00', '395.00', 25, '314.jpg', 2),
(315, ' MOD Vestido de tirantes', 'Unicolor de hombros con cordón pecho con fruncido', '390.00', '351.00', 25, '315.jpg', 2),
(316, ' BAE Vestido', 'Tirantes escote drapeado con diseño de cadena de espalda abierta con tira cruzada fruncido', '216.00', '200.00', 25, '316.jpg', 2),
(317, ' ICON Vestido ', 'Halter 90s con estampado de mármol fruncido', '130.00', '125.00', 25, '317.jpg', 2),
(318, 'Vestido ajustado ', 'Tubo bajo con abertura brillante', '117.00', '62.00', 25, '318.jpg', 2),
(319, ' Vestido ajustado', 'Estampado de corazón de confeti de hombros descubiertos ribete fruncido', '140.00', '112.00', 25, '319.jpg', 2),
(320, ' Vestido escote corazón', 'Manga farol pecho con fruncido', '401.00', '340.00', 25, '320.jpg', 2),
(321, ' Vestido de tirantes', 'Estampado floral con tira cruzada de espalda abierta con cordón', '159.00', '135.00', 25, '321.jpg', 2),
(322, 'Vestido ajustado', 'Cuello halter de espalda abierta con cordón con abertura', '177.00', '175.00', 25, '322.jpg', 2),
(323, 'Slayr Vestido ajustado', 'Hombros descubiertos fruncido lateral bajo tulipán', '235.00', '230.00', 25, '323.jpg', 2),
(324, 'Qutie Vestido', 'Estampado de fresa de busto con fruncido con tiras con fruncido', '166.00', '165.00', 25, '324.jpg', 2),
(325, ' BAE Vestido', 'Tirantes de tie dye escote drapeado de muslo con abertura', '307.00', '230.00', 25, '325.jpg', 2),
(326, ' MOD Vestido de tirantes ', 'Estampado de cereza de hombros con cordón', '394.00', '334.00', 25, '326.jpg', 2),
(327, 'SXY Vestido ajustado', 'Tira cruzada de espalda abierta con cordón brillante', '136.00', '120.00', 25, '327.jpg', 2),
(328, ' SXY Vestido', 'Estampado floral fruncido con cordón de muslo con abertura', '215.00', '200.00', 25, '328.jpg', 2),
(329, 'WYWH Vestido ', 'Estampado floral con tira cruzada de espalda abierta', '191.00', '162.00', 25, '329.jpg', 2),
(330, 'Qutie Vestido', 'Ajustado de tirantes de space dye', '151.00', '135.00', 25, '330.jpg', 2),
(331, 'PETITE Vestido de tirantes', 'Floral fruncido con cordón bajo con abertura', '199.00', '179.00', 25, '331.jpg', 2),
(332, ' PETITE Vestido ', 'Tirantes unicolor de espalda abierta con tira cruzada con nudo de satén', '191.00', '189.00', 25, '332.jpg', 2),
(333, ' ICON Vestido ajustado', 'Abertura delantera de manga con volante brillante', '178.00', '169.00', 25, '333.jpg', 2),
(334, ' MOD Vestido de tirantes', 'Estampado floral de hombros con cordón', '417.00', '354.00', 25, '334.jpg', 2),
(335, 'SXY Vestido ajustado', 'Tirantes con tira cruzada de espalda abierta', '161.00', '149.00', 25, '335.jpg', 2),
(336, 'WYWH Vestido', 'Tirantes de guingán & con estampado floral ribete fruncido con cordón delantero', '313.00', '299.00', 25, '336.jpg', 2),
(337, 'PETITE Vestido ajustado ', 'Estampado de rayas de cuello halter', '153.00', '130.00', 25, '337.jpg', 2),
(338, ' VCAY Vestido de tirantes', 'Estampado floral girante con abertura con fruncido bajo con fruncido', '397.00', '385.00', 25, '338.jpg', 2),
(339, ' SXY Vestido línea A', 'Unicolor de cuello halter de espalda abierta', '287.00', '279.00', 25, '339.jpg', 2),
(340, ' PETITE Vestido con fleco', 'Espalda abierta con cordón de manga con volante', '335.00', '319.00', 25, '340.jpg', 2),
(341, 'SXY Vestido tubo', 'Unido en contraste', '319.00', '300.00', 25, '341.jpg', 2),
(342, ' Privé Vestido', 'Estampado de corazón con malla de cuello halter de espalda abierta', '359.00', '305.00', 25, '342.jpg', 2),
(343, ' SXY Vestido', 'Ajustado unicolor tejido waffle', '318.00', '270.00', 25, '343.jpg', 2),
(344, ' WYWH Vestido ajustado', 'Tirantes ribete fruncido con cordón delantero', '191.00', '179.00', 25, '344.jpg', 2),
(345, 'Privé Vestido tubo', 'Unicolor fruncido lateral con diseño fruncido', '495.00', '470.00', 25, '345.jpg', 2),
(346, ' Privé Vestido de cuadros', 'Bajo con abertura M de manga corta', '190.00', '170.00', 25, '346.jpg', 2),
(347, 'VCAY Vestido', 'Estampado floral ribete con fruncido', '292.00', '262.00', 25, '347.jpg', 2),
(348, 'Privé Vestido unicolor ', 'Cuello halter', '217.00', '199.00', 25, '348.jpg', 2),
(349, 'Vestido Estilo Bodycon', 'Contiene botones', '410.00', '290.00', 25, '349.jpg', 2),
(350, 'Privé Vestido', 'Tirantes unicolor con encaje', '412.00', '399.00', 25, '350.jpg', 2),
(351, ' VCAY Vestido de tirantes', 'Encaje en contraste', '346.00', '339.00', 25, '351.jpg', 2),
(352, 'BAE Vestido ajustado ', 'Tubo unicolor fruncido', '259.00', '239.00', 25, '352.jpg', 2),
(353, 'VCAY Vestido de tirantes ', 'Estampado floral pecho con fruncido', '234.00', '319.00', 25, '353.jpg', 2),
(354, ' BAE Vestido ajustado', 'Abertura con fruncido delantero de espalda abierta con cordón halter', '301.00', '299.00', 25, '354.jpg', 2),
(355, 'Privé Vestido ribete', 'Fruncido con abertura de espalda abierta', '243.00', '182.00', 25, '355.jpg', 2),
(356, 'WYWH Vestido', 'Tirantes cruzado ribete con fruncido con nudo lateral de lunares', '288.00', '269.00', 25, '356.jpg', 2),
(357, ' BAE Vestido de lentejuelas', 'Dobladillo dividido y detalle de cadena de diamantes de imitación de un hombro', '376.00', '359.00', 25, '357.jpg', 2),
(358, 'PETITE Vestido ajustado', 'Hombros descubiertos con estampado floral ribete en forma de lechuga', '137.00', '129.00', 25, '358.jpg', 2),
(359, 'Frenchy Vestido', 'Línea A unicolor con botón delantero', '359.00', '349.00', 25, '359.jpg', 2),
(360, ' Privé Vestido ajustado ', 'Abertura de un hombro fruncido', '337.00', '319.00', 25, '360.jpg', 2),
(361, ' ICON Vestido de tirantes ', 'Holográfico con tira cruzada de espalda abierta sin manga', '251.00', '239.00', 25, '361.jpg', 2),
(362, 'Privé Vestido', 'Hombros descubiertos de espalda abierta con cordón de manga farol', '450.00', '429.00', 25, '362.jpg', 2),
(363, 'WYWH Vestido slip', 'Floral con nudo delantero con cordón', '302.00', '181.00', 25, '363.jpg', 2),
(364, 'BAE Vestido ajustado ', 'Tirantes con cordón lateral fruncido de malla bustier', '329.00', '299.00', 25, '364.jpg', 2),
(365, ' BELTRÁN Vestido ', 'Estampado con abertura de muslo con abertura', '460.00', '350.00', 25, '365.jpg', 2),
(366, 'Mienne Vestido ', 'Diamante de imitación con tira fruncido de malla', '394.00', '389.00', 25, '366.jpg', 2),
(367, 'Vestido asimetrico sexy', 'Ajustado mujer de moda', '280.00', '215.00', 25, '367.jpg', 2),
(368, 'Vestido ajustado', 'Unicolor cuero PU', '356.00', '338.00', 25, '368.jpg', 2),
(369, ' Privé Vestido ', 'Tirantes con estampado floral con nudo lateral bajo cruzado', '284.00', '241.00', 25, '369.jpg', 2),
(370, ' SXY Vestido ajustado', 'Hombro ribete con fleco', '264.00', '237.00', 25, '370.jpg', 2),
(371, ' BAE Vestido ', 'Tirantes cruzado brillante fruncido', '232.00', '219.00', 25, '371.jpg', 2),
(372, ' WYWH Vestido unicolor', 'Hombros descubiertos fruncido', '402.00', '389.00', 25, '372.jpg', 2),
(373, ' Privé Vestido ', 'Ajustado tejido de canalé', '182.00', '159.00', 25, '373.jpg', 2),
(374, 'Privé Vestido ajustado', 'Tubo fruncido lateral con diseño fruncido', '410.00', '399.00', 25, '374.jpg', 2),
(375, 'BAE Vestido unicolor ', 'Bajo con abertura de cuello V', '254.00', '240.00', 25, '375.jpg', 2),
(376, 'Von Dutch.', 'Gorro básico de punto tipo beanie.', '200.00', '150.00', 25, '376.jpg', 15),
(377, 'Von Dutch.', 'Gorro básico de punto tipo beanie.', '200.00', '150.00', 25, '377.jpg', 15),
(378, 'Von Dutch.', 'Gorro básico de punto tipo beanie.', '200.00', '150.00', 33, '378.jpg', 15),
(379, 'Von Dutch.', 'Gorro básico de punto tipo beanie.', '200.00', '150.00', 54, '379.jpg', 15),
(380, 'Djinn-s', 'Gorro bucket estilo pescador.', '300.00', '250.00', 30, '380.jpg', 15),
(381, 'Djinn-s', 'Gorro bucket estilo pescador.', '300.00', '250.00', 34, '381.jpg', 15),
(626, 'Levi-s', 'Jeans ajustados de mezclilla', '245.00', '240.00', 50, '626.jpg', 3),
(627, 'Calvin Klein', 'Jeans acampanados de tiro alto', '360.00', '250.00', 30, '627.jpg', 3),
(628, 'Guess', 'Jeans desgastados estilo boyfriend', '355.00', '345.00', 25, '628.jpg', 3),
(629, 'H&M', 'Jeans skinny elásticos', '150.00', '145.00', 40, '629.jpg', 3),
(630, 'Zara', 'Jeans de cintura alta con rasgaduras', '270.00', '260.00', 20, '630.jpg', 3),
(631, 'Tommy Hilfiger', 'Jeans rectos de denim reciclado', '365.00', '255.00', 35, '631.jpg', 3),
(632, 'Diesel', 'Jeans bootcut con bordados florales', '275.00', '265.00', 28, '632.jpg', 3),
(633, 'American Eagle', 'Jeans capri con detalles desgastados', '240.00', '235.00', 22, '633.jpg', 3),
(634, 'Gap', 'Jeans ajustados de tiro medio', '355.00', '350.00', 33, '634.jpg', 3),
(635, 'Forever 21', 'Jeans estilo jogger de mezclilla', '250.00', '245.00', 15, '635.jpg', 3),
(636, 'Wrangler', 'Jeans con parches y roturas', '360.00', '350.00', 45, '636.jpg', 3),
(637, 'Victoria-s Secret', 'Jeans push-up de tiro bajo', '245.00', '240.00', 38, '637.jpg', 3),
(638, 'Mango', 'Jeans acampanados con estampado floral', '370.00', '360.00', 27, '638.jpg', 3),
(639, 'Topshop', 'Jeans rectos con dobladillo deshilachado', '355.00', '345.00', 19, '639.jpg', 3),
(640, 'Gap', 'Jeans mom fit de denim orgánico', '265.00', '255.00', 32, '640.jpg', 3),
(641, 'Levi-s', 'Jeans skinny con efecto desgastado', '250.00', '145.00', 23, '641.jpg', 3),
(642, 'Guess', 'Jeans de tiro alto con cordón en la cintura', '375.00', '265.00', 29, '642.jpg', 3),
(643, 'Zara', 'Jeans cropped con detalles de perlas', '140.00', '135.00', 36, '643.jpg', 3),
(644, 'Victoria-s Secret', 'Jeans push-up con efecto levantacola', '355.00', '250.00', 42, '644.jpg', 3),
(645, 'H&M', 'Jeans estilo boyfriend con roturas', '260.00', '150.00', 17, '645.jpg', 3),
(646, 'Tommy Hilfiger', 'Jeans rectos de tiro alto', '270.00', '260.00', 24, '646.jpg', 3),
(647, 'American Eagle', 'Jeans bootcut de mezclilla elástica', '245.00', '240.00', 31, '647.jpg', 3),
(648, 'Mango', 'Jeans capri con dobladillo enrollado', '255.00', '145.00', 39, '648.jpg', 3),
(649, 'Gap', 'Jeans ajustados con detalles de encaje', '150.00', '145.00', 21, '649.jpg', 3),
(650, 'Forever 21', 'Jeans de cintura baja con estampado animal', '265.00', '255.00', 44, '650.jpg', 3),
(651, 'Diesel', 'Jeans flare con rayas laterales', '275.00', '265.00', 26, '651.jpg', 3),
(652, 'Guess', 'Jeans desgastados con rodilleras', '240.00', '235.00', 18, '652.jpg', 3),
(653, 'Victoria-s Secret', 'Jeans push-up de tiro alto', '355.00', '250.00', 34, '653.jpg', 3),
(654, 'Mango', 'Jeans rectos con detalles de tachuelas', '360.00', '250.00', 37, '654.jpg', 3),
(655, 'Zara', 'Jeans cargo con bolsillos laterales', '270.00', '160.00', 16, '655.jpg', 3),
(656, 'Wrangler', 'Jeans acampanados de denim reciclado', '245.00', '140.00', 43, '656.jpg', 3),
(657, 'Calvin Klein', 'Jeans skinny con efecto desteñido', '250.00', '145.00', 30, '657.jpg', 3),
(658, 'Diesel', 'Jeans boyfriend con bordados étnicos', '365.00', '355.00', 22, '658.jpg', 3),
(659, 'Forever 21', 'Jeans rectos con dobladillo sin rematar', '275.00', '265.00', 29, '659.jpg', 3),
(660, 'American Eagle', 'Jeans push-up de tiro bajo', '340.00', '235.00', 35, '660.jpg', 3),
(661, 'Tommy Hilfiger', 'Jeans capri con detalles de lentejuelas', '355.00', '250.00', 26, '661.jpg', 3),
(662, 'Topshop', 'Jeans ajustados con efecto desgastado', '360.00', '350.00', 19, '662.jpg', 3),
(663, 'Gap', 'Jeans mom fit de tiro alto', '270.00', '160.00', 42, '663.jpg', 3),
(664, 'Wrangler', 'Jeans con detalles de encaje en los bolsillos', '245.00', '240.00', 33, '664.jpg', 3),
(665, 'Mango', 'Jeans rectos con rayas laterales', '255.00', '245.00', 28, '665.jpg', 3),
(666, 'Levi-s', 'Jeans bootcut con estampado de lunares', '275.00', '265.00', 24, '666.jpg', 3),
(667, 'Diesel', 'Jeans de tiro alto con detalles desgastados', '265.00', '255.00', 31, '667.jpg', 3),
(668, 'Guess', 'Jeans ajustados de mezclilla elástica', '275.00', '165.00', 38, '668.jpg', 3),
(669, 'Mango', 'Jeans cropped con detalles de perlas', '440.00', '435.00', 17, '669.jpg', 3),
(670, 'Zara', 'Jeans estilo jogger de tiro bajo', '455.00', '450.00', 44, '670.jpg', 3),
(671, 'H&M', 'Jeans desgastados con roturas en las rodillas', '360.00', '350.00', 23, '671.jpg', 3),
(672, 'Victoria-s Secret', 'Jeans push-up de tiro medio', '570.00', '460.00', 36, '672.jpg', 3),
(673, 'Guess', 'Jeans skinny con detalles de perlas', '445.00', '340.00', 29, '673.jpg', 3),
(674, 'Diesel', 'Jeans acampanados de tiro alto', '355.00', '350.00', 21, '674.jpg', 3),
(675, 'Forever 21', 'Jeans rectos con efecto desteñido', '250.00', '245.00', 15, '675.jpg', 3),
(676, 'Tommy Hilfiger', 'Jeans de cintura baja con bordados florales', '265.00', '155.00', 38, '676.jpg', 3),
(677, 'Topshop', 'Jeans capri con detalles rasgados', '275.00', '265.00', 32, '677.jpg', 3),
(678, 'Mango', 'Jeans ajustados con estampado animal', '340.00', '235.00', 27, '678.jpg', 3),
(679, 'Gap', 'Jeans mom fit con parches', '355.00', '350.00', 41, '679.jpg', 3),
(680, 'Zara', 'Jeans rectos con dobladillo deshilachado', '360.00', '450.00', 19, '680.jpg', 3),
(681, 'Levi-s', 'Jeans push-up de tiro alto', '470.00', '360.00', 25, '681.jpg', 3),
(682, 'Calvin Klein', 'Jeans capri con detalles de encaje', '445.00', '440.00', 34, '682.jpg', 3),
(683, 'Diesel', 'Jeans skinny elásticos', '355.00', '245.00', 20, '683.jpg', 3),
(684, 'Mango', 'Jeans acampanados con detalles de cordones', '365.00', '255.00', 26, '684.jpg', 3),
(685, 'Topshop', 'Jeans de tiro alto con efecto desgastado', '275.00', '265.00', 33, '685.jpg', 3),
(686, 'H&M', 'Jeans boyfriend con detalles rasgados', '240.00', '135.00', 42, '686.jpg', 3),
(687, 'American Eagle', 'Jeans rectos con estampado floral', '255.00', '150.00', 29, '687.jpg', 3),
(688, 'Zara', 'Jeans bootcut de mezclilla reciclada', '460.00', '350.00', 37, '688.jpg', 3),
(689, 'Victoria-s Secret', 'Jeans push-up con efecto levantacola', '370.00', '260.00', 18, '689.jpg', 3),
(690, 'Guess', 'Jeans rectos con detalles de strass', '345.00', '240.00', 24, '690.jpg', 3),
(691, 'Conjunto Elegante', 'Conjunto de blazer y pantalón elegante', '180.00', '160.00', 20, '691.jpg', 4),
(692, 'Look Casual', 'Conjunto de camiseta y jeans casuales', '120.00', '100.00', 35, '692.jpg', 4),
(693, 'Estilo Bohemio', 'Conjunto bohemio con falda y blusa estampada', '150.00', '130.00', 25, '693.jpg', 4),
(694, 'Atuendo Deportivo', 'Conjunto deportivo con sudadera y leggings', '100.00', '80.00', 30, '694.jpg', 4),
(695, 'Elegancia en Encaje', 'Conjunto de encaje con top y falda larga', '220.00', '200.00', 15, '695.jpg', 4),
(696, 'Chic y Cómodo', 'Conjunto chic con suéter y pantalones holgados', '140.00', '120.00', 28, '696.jpg', 4),
(697, 'Moda Urbana', 'Conjunto urbano con chaqueta bomber y joggers', '160.00', '140.00', 22, '697.jpg', 4),
(698, 'Estilo Romántico', 'Conjunto romántico con vestido y chaqueta de punto', '200.00', '180.00', 18, '698.jpg', 4),
(699, 'Elegancia en Blanco y Negro', 'Conjunto blanco y negro con blusa y falda lápiz', '190.00', '170.00', 33, '699.jpg', 4),
(700, 'Conjunto Boho Chic', 'Conjunto boho chic con blusa off-shoulder y shorts', '130.00', '110.00', 15, '700.jpg', 4),
(701, 'Estilo Formal', 'Conjunto formal con blusa, pantalón y blazer', '250.00', '230.00', 40, '701.jpg', 4),
(702, 'Atuendo Relajado', 'Conjunto relajado con camiseta y leggings cómodos', '110.00', '90.00', 38, '702.jpg', 4),
(703, 'Conjunto Floral', 'Conjunto floral con top de tirantes y pantalones acampanados', '170.00', '150.00', 27, '703.jpg', 4),
(704, 'Look Deportivo Elegante', 'Conjunto deportivo elegante con chaqueta y leggings', '130.00', '110.00', 20, '704.jpg', 4),
(705, 'Estilo Denim', 'Conjunto denim con chaqueta y falda a juego', '180.00', '160.00', 32, '705.jpg', 4),
(706, 'Outfit Bohemio', 'Conjunto bohemio con vestido largo y kimono', '190.00', '170.00', 25, '706.jpg', 4),
(707, 'Chic y Ajustado', 'Conjunto chic y ajustado con top y leggings', '120.00', '100.00', 28, '707.jpg', 4),
(708, 'Elegancia Nocturna', 'Conjunto elegante  con blusa y pantalón ', '220.00', '200.00', 22, '708.jpg', 4),
(709, 'Estilo Retro', 'Conjunto retro con suéter y falda de cintura alta', '160.00', '140.00', 19, '709.jpg', 4),
(710, 'Atuendo Deportivo Moderno', 'Conjunto deportivo moderno con sudadera y joggers', '110.00', '90.00', 30, '710.jpg', 4),
(711, 'Elegancia Minimalista', 'Conjunto minimalista con camisa y pantalones rectos', '180.00', '160.00', 25, '711.jpg', 4),
(712, 'Conjunto Casual', 'Conjunto casual con camiseta y pantalones cortos', '100.00', '80.00', 33, '712.jpg', 4),
(713, 'Look Vintage', 'Conjunto vintage con vestido estampado y cardigan', '150.00', '130.00', 18, '713.jpg', 4),
(714, 'Estilo Boho', 'Conjunto boho con blusa suelta y pantalones anchos', '170.00', '150.00', 24, '714.jpg', 4),
(715, 'Atuendo Versátil', 'Conjunto versátil con top de manga larga y pantalones de tiro alto', '140.00', '120.00', 29, '715.jpg', 4),
(716, 'Moda Deportiva', 'Conjunto deportivo con top corto y leggings ajustados', '120.00', '100.00', 16, '716.jpg', 4),
(717, 'Elegancia en Rosa', 'Conjunto elegante en tono rosa con vestido y chaqueta', '200.00', '180.00', 38, '717.jpg', 4),
(718, 'Look Casual Chic', 'Conjunto casual chic con suéter y pantalones de cuero', '160.00', '140.00', 27, '718.jpg', 4),
(719, 'Estilo Formal Moderno', 'Conjunto formal moderno con blusa, pantalón y chaleco', '240.00', '220.00', 20, '719.jpg', 4),
(720, 'Atuendo Relajado', 'Conjunto relajado con camiseta y pantalones holgados', '110.00', '90.00', 35, '720.jpg', 4),
(721, 'Conjunto Floral Primaveral', 'Conjunto floral primaveral con blusa y falda', '170.00', '150.00', 25, '721.jpg', 4),
(722, 'Estilo Boho Glam', 'Conjunto boho glam con vestido largo y accesorios llamativos', '200.00', '180.00', 18, '722.jpg', 4),
(723, 'Chic y Comfy', 'Conjunto chic y cómodo con suéter y leggings', '120.00', '100.00', 30, '723.jpg', 4),
(724, 'Moda Urbana', 'Conjunto urbano con camiseta gráfica y jeans rasgados', '160.00', '140.00', 22, '724.jpg', 4),
(725, 'Atuendo Romántico', 'Conjunto romántico con blusa de encaje y falda de tul', '220.00', '200.00', 15, '725.jpg', 4),
(726, 'Estilo Denim Casual', 'Conjunto denim casual con chaqueta y pantalones cortos', '140.00', '120.00', 28, '726.jpg', 4),
(727, 'Conjunto Elegante en Blanco y Negro', 'Conjunto elegante en blanco y negro con blusa y pantalón', '180.00', '160.00', 22, '727.jpg', 4),
(728, 'Look Deportivo', 'Conjunto deportivo con sudadera con capucha y leggings', '130.00', '110.00', 19, '728.jpg', 4),
(729, 'Estilo Bohemio', 'Conjunto bohemio con vestido estampado y chaleco', '190.00', '170.00', 33, '729.jpg', 4),
(730, 'Chic y Juvenil', 'Conjunto chic y juvenil con top corto y falda de cuero', '150.00', '130.00', 15, '730.jpg', 4),
(731, 'Atuendo Formal', 'Conjunto formal con blusa, pantalón de tiro alto y blazer', '250.00', '230.00', 40, '731.jpg', 4),
(732, 'Conjunto Relajado', 'Conjunto relajado con camiseta de manga larga y leggings cómodos', '110.00', '90.00', 38, '732.jpg', 4),
(733, 'Estilo Vintage', 'Conjunto vintage con vestido a lunares y chaqueta de punto', '170.00', '150.00', 27, '733.jpg', 4),
(734, 'Elegancia Minimalista', 'Conjunto minimalista con blusa y pantalones rectos', '180.00', '160.00', 20, '734.jpg', 4),
(735, 'Look Casual', 'Conjunto casual con camiseta y jeans rectos', '100.00', '80.00', 33, '735.jpg', 4),
(736, 'Estilo Boho Chic', 'Conjunto boho chic con blusa suelta y pantalones anchos', '150.00', '130.00', 18, '736.jpg', 4),
(737, 'Atuendo Versátil', 'Conjunto versátil con top de manga larga y pantalones de tiro alto', '140.00', '120.00', 24, '737.jpg', 4),
(738, 'Moda Deportiva', 'Conjunto deportivo con top corto y leggings ajustados', '120.00', '100.00', 29, '738.jpg', 4),
(739, 'Elegancia en Rosa', 'Conjunto elegante en tono rosa con vestido y chaqueta', '200.00', '180.00', 16, '739.jpg', 4),
(740, 'Look Casual Chic', 'Conjunto casual chic con suéter y pantalones de cuero', '160.00', '140.00', 38, '740,jpg', 4),
(741, 'Estilo Formal Moderno', 'Conjunto formal moderno con blusa, pantalón y chaleco', '240.00', '220.00', 27, '741.jpg', 4),
(742, 'Atuendo Relajado', 'Conjunto relajado con camiseta y pantalones holgados', '110.00', '90.00', 20, '742.jpg', 4),
(743, 'Conjunto Floral Primaveral', 'Conjunto floral primaveral con blusa y falda', '170.00', '150.00', 35, '743.jpg', 4),
(744, 'Estilo Boho Glam', 'Conjunto boho glam con vestido largo y accesorios llamativos', '200.00', '180.00', 25, '744.jpg', 4),
(745, 'Chic y Comfy', 'Conjunto chic y cómodo con suéter y leggings', '120.00', '100.00', 18, '745.jpg', 4),
(746, 'Moda Urbana', 'Conjunto urbano con camiseta gráfica y jeans rasgados', '160.00', '140.00', 30, '746.jpg', 4),
(747, 'Atuendo Romántico', 'Conjunto romántico con blusa de encaje y falda de tul', '220.00', '200.00', 22, '747.jpg', 4),
(748, 'Estilo Denim Casual', 'Conjunto denim casual con chaqueta y pantalones cortos', '140.00', '120.00', 15, '748.jpg', 4),
(749, 'Conjunto Elegante en Blanco y Negro', 'Conjunto elegante en blanco y negro con blusa y pantalón', '180.00', '160.00', 28, '749.jpg', 4),
(750, 'Look Deportivo', 'Conjunto deportivo con sudadera con capucha y leggings', '130.00', '110.00', 19, '750.jpg', 4),
(752, 'Price Shoes', 'Tennis para caminar delgados y suaves', '999.00', '899.00', 89, '752.jpg', 16),
(753, 'Puma', 'Tennis puma color cafe claro comodos', '1899.00', '1699.00', 60, '753.jpg', 16),
(754, 'Men`s', 'Tennis comodos simples informales', '1499.00', '1299.00', 80, '754.jpg', 16),
(755, 'Converse', 'Tennis tipo bota blancos converse', '2199.00', '1999.00', 20, '755.jpg', 16),
(756, 'Puma', 'Tenis cafe comodo para hacer deporte', '1799.00', '1599.00', 34, '756.jpg', 16),
(757, 'Chamarra de Invierno', 'Ideal para temperaturas bajo cero', '499.00', '399.00', 20, '876.jpg', 11),
(758, 'Abrigo Acolchado', 'Diseño elegante y cálido', '549.00', '459.00', 18, '877.jpg', 11),
(759, 'Chaqueta Deportiva', 'Perfecta para actividades al aire libre', '329.00', '269.00', 22, '878.jpg', 11),
(760, 'Chamarra de Cuero', 'Estilo clásico y duradero', '599.00', '499.00', 25, '879.jpg', 11),
(761, 'Chaqueta Impermeable', 'Protección contra la lluvia y el viento', '449.00', '369.00', 16, '880.jpg', 11),
(762, 'Chamarra con Capucha', 'Estilo moderno y confortable', '379.00', '299.00', 17, '881.jpg', 11),
(763, 'Anorak Resistente al Viento', 'Ideal para condiciones climáticas adversas', '699.00', '599.00', 21, '882.jpg', 11),
(764, 'Chaqueta Vaquera', 'Look casual con un toque retro', '519.00', '439.00', 19, '883.jpg', 11),
(765, 'Chamarra Ligera', 'Perfecta para primavera', '299.00', '229.00', 14, '884.jpg', 11),
(766, 'Chaqueta de Lana', 'Calidez y estilo en uno', '479.00', '389.00', 23, '885.jpg', 11),
(767, 'Chamarra Acolchada', 'Elegancia y confort combinados', '429.00', '359.00', 18, '886.jpg', 11),
(768, 'Chaqueta Deportiva Reflectante', 'Visibilidad en condiciones de poca luz', '359.00', '289.00', 22, '887.jpg', 11),
(769, 'Chaqueta de Motociclista', 'Estilo rebelde y duradero', '649.00', '549.00', 25, '888.jpg', 11),
(770, 'Chamarra Cortavientos', 'Protección contra el viento', '479.00', '399.00', 16, '889.jpg', 11),
(771, 'Chaqueta con Estampado', 'Diseño llamativo y moderno', '389.00', '319.00', 17, '890.jpg', 11),
(772, 'Chaqueta Térmica', 'Aísla el calor en climas fríos', '519.00', '429.00', 20, '891.jpg', 11),
(773, 'Chamarra de Mezclilla', 'Estilo clásico y versátil', '449.00', '369.00', 19, '892.jpg', 11),
(774, 'Chaqueta de Senderismo', 'Para aventuras al aire libre', '579.00', '489.00', 23, '893.jpg', 11),
(775, 'Chaqueta Corta', 'Perfecta para el día a día', '339.00', '279.00', 14, '894.jpg', 11),
(776, 'Chamarra de Lana con Capucha', 'Comodidad y estilo urbano', '459.00', '379.00', 18, '895.jpg', 11),
(777, 'Chaqueta de Cuero Sintético', 'Aspecto de cuero real', '529.00', '439.00', 25, '896.jpg', 11),
(778, 'Chaqueta de Running', 'Diseño aerodinámico y transpirable', '389.00', '309.00', 22, '897.jpg', 11),
(779, 'Chamarra Elegante', 'Estilo formal con un toque moderno', '499.00', '419.00', 16, '898.jpg', 11),
(780, 'Chaqueta Acolchada con Capucha', 'Protección contra el frío', '569.00', '479.00', 17, '899.jpg', 11),
(781, 'Chaqueta de Montaña', 'Resistente y funcional para actividades alpinas', '699.00', '589.00', 20, '900.jpg', 11),
(782, 'Chamarra Vintage', 'Estilo retro con un toque moderno', '449.00', '369.00', 19, '901.jpg', 11),
(783, 'Chaqueta Deportiva Ligera', 'Comodidad durante el entrenamiento', '329.00', '259.00', 22, '902.jpg', 11),
(784, 'Chaqueta de Moto', 'Protección y estilo en la carretera', '649.00', '539.00', 25, '903.jpg', 11),
(785, 'Chaqueta Cortavientos Reflectante', 'Visibilidad y protección contra el viento', '389.00', '319.00', 16, '904.jpg', 11),
(786, 'Chaqueta Estilo Bomber', 'Diseño clásico y versátil', '499.00', '419.00', 17, '905.jpg', 11),
(787, 'Chaqueta Térmica con Capucha', 'Calor y protección en climas fríos', '529.00', '439.00', 20, '906.jpg', 11),
(788, 'Chaqueta de Mezclilla', 'Estilo casual para cualquier ocasión', '459.00', '379.00', 19, '907.jpg', 11),
(789, 'Chaqueta de Escalada', 'Funcionalidad para los amantes de la escalada', '579.00', '489.00', 23, '908.jpg', 11),
(790, 'Chaqueta Deportiva Corta', 'Ideal para actividades físicas intensas', '349.00', '279.00', 14, '909.jpg', 11),
(791, 'Chaqueta de Piel', 'Estilo urbano con detalles de alta calidad', '589.00', '489.00', 17, '910.jpg', 11),
(792, 'Chaqueta de Cuero Clásica', 'Elegancia atemporal', '549.00', '459.00', 25, '911.jpg', 11),
(793, 'Chaqueta de Ciclismo', 'Diseño aerodinámico para los amantes del ciclismo', '419.00', '339.00', 22, '912.jpg', 11),
(794, 'Chamarra Formal', 'Estilo sofisticado para ocasiones especiales', '519.00', '429.00', 16, '913.jpg', 11),
(795, 'Chaqueta Acolchada con Peluche', 'Comodidad extrema para el invierno', '629.00', '529.00', 20, '914.jpg', 11),
(796, 'Chaqueta Deportiva de Lana', 'Estilo y calidez para los días fríos', '469.00', '389.00', 19, '915.jpg', 11),
(797, 'Chaqueta Corta de Mezclilla', 'Look casual y juvenil', '389.00', '319.00', 22, '916.jpg', 11),
(798, 'Chaqueta Técnica de Montaña', 'Diseño avanzado para expediciones', '699.00', '589.00', 17, '917.jpg', 11),
(799, 'Chaqueta de Cuero Elegante', 'Estilo moderno y llamativo', '569.00', '469.00', 16, '918.jpg', 11),
(800, 'Chaqueta Deportiva Reflectante', 'Seguridad y estilo para tus entrenamientos nocturnos', '379.00', '309.00', 25, '919.jpg', 11),
(801, 'Chamarra Rompevientos', 'Protección contra el viento y la lluvia ligera', '449.00', '369.00', 19, '920.jpg', 11),
(802, 'Chaqueta Casual', 'Estilo informal para el día a día', '399.00', '329.00', 14, '921.jpg', 11),
(803, 'Chaqueta de Lana con Cuello Alto', 'Calidez y versatilidad', '529.00', '439.00', 20, '922.jpg', 11),
(804, 'Chaqueta de Moto Vintage', 'Aspecto clásico con detalles auténticos', '599.00', '499.00', 22, '923.jpg', 11),
(805, 'Chaqueta de Senderismo Ligera', 'Comodidad para largas caminatas', '379.00', '309.00', 16, '924.jpg', 11),
(806, 'Chaqueta de Béisbol', 'Estilo deportivo para los fanáticos del béisbol', '439.00', '359.00', 17, '925.jpg', 11),
(807, 'Chaqueta Elegante con Capucha', 'Elegancia y comodidad en una sola prenda', '549.00', '459.00', 25, '926.jpg', 11),
(808, 'Chaqueta de Running Transpirable', 'Perfecta para correr en climas cálidos', '359.00', '289.00', 19, '927.jpg', 11),
(809, 'Chaqueta de Mezclilla Desgastada', 'Estilo desenfadado y moderno', '469.00', '389.00', 23, '928.jpg', 11);
INSERT INTO `productos` (`id`, `nombre`, `descripcion`, `precio_normal`, `precio_rebajado`, `cantidad`, `imagen`, `id_categoria`) VALUES
(810, 'Chaqueta Térmica', 'Mantén el calor en los días fríos', '489.00', '409.00', 14, '929.jpg', 11),
(811, 'Chaqueta de Lana con Cuello Alto', 'Estilo moderno y abrigo adicional', '529.00', '439.00', 17, '930.jpg', 11),
(812, 'Chaqueta de Cuero con Cremallera', 'Aspecto rebelde con detalles de alta calidad', '599.00', '499.00', 20, '931.jpg', 11),
(813, 'Chaqueta Elegante de Lana', 'Estilo clásico con tela suave al tacto', '519.00', '429.00', 25, '933.jpg', 11),
(814, 'Chaqueta Corta con Capucha', 'Protección y estilo en una prenda', '439.00', '359.00', 19, '934.jpg', 11),
(815, 'Chaqueta de Piel Sintética', 'Estilo moderno y sin crueldad animal', '549.00', '459.00', 23, '935.jpg', 11),
(816, 'Chaqueta de Senderismo Resistente', 'Durabilidad para aventuras al aire libre', '629.00', '529.00', 17, '936.jpg', 11),
(817, 'Chaqueta Deporde Alta Visibilidad', 'Seguridad y estilo para actividades nocturnas', '389.00', '319.00', 20, '937.jpg', 11),
(938, 'Jeans Regular Fit', 'Corte clásico para un look versátil', '399.99', '359.99', 30, '938.jpg', 12),
(939, 'Jeans Slim Fit', 'Ajustados y modernos', '499.99', '449.99', 28, '939.jpg', 12),
(940, 'Jeans Rectos', 'Comodidad y estilo atemporal', '359.99', '319.99', 32, '940.jpg', 12),
(941, 'Jeans Relajados', 'Para un look casual y cómodo', '399.99', '359.99', 25, '941.jpg', 12),
(942, 'Jeans Skinny', 'Estilo ajustado para un look moderno', '599.99', '539.99', 22, '942.jpg', 12),
(943, 'Jeans Desgastados', 'Look desenfadado y moderno', '499.99', '449.99', 26, '943.jpg', 12),
(944, 'Jeans Bootcut', 'Pierna ligeramente acampanada', '399.99', '359.99', 24, '944.jpg', 12),
(945, 'Jeans con Lavado Vintage', 'Estilo retro con detalles de lavado', '699.99', '629.99', 20, '945.jpg', 12),
(946, 'Jeans Rasgados', 'Diseño moderno con detalles desgastados', '599.99', '539.99', 23, '946.jpg', 12),
(947, 'Jeans Cargo', 'Estilo utilitario con bolsillos adicionales', '499.99', '449.99', 28, '947.jpg', 12),
(948, 'Jeans de Tiro Alto', 'Para un look vintage y femenino', '429.99', '386.99', 21, '948.jpg', 12),
(949, 'Jeans Acampanados', 'Estilo retro con pierna ancha', '499.99', '449.99', 24, '949.jpg', 12),
(950, 'Jeans Push Up', 'Realza tus curvas con estilo', '359.99', '323.99', 26, '950.jpg', 12),
(951, 'Jeans de Colores', 'Atrévete con colores vibrantes', '449.99', '404.99', 28, '951.jpg', 12),
(952, 'Jeans Rectos Desgastados', 'Comodidad con un toque moderno', '479.99', '431.99', 30, '952.jpg', 12),
(953, 'Jeans Jogger', 'Comodidad y estilo en un solo pantalón', '399.99', '359.99', 32, '953.jpg', 12),
(954, 'Jeans Estilo Motero', 'Detalles de motociclista para un look audaz', '599.99', '539.99', 25, '954.jpg', 12),
(955, 'Jeans de Cuero Sintético', 'Estilo moderno sin cuero real', '699.99', '629.99', 22, '955.jpg', 12),
(956, 'Jeans Rectos con Pinzas', 'Detalles elegantes para un look formal', '494.99', '444.99', 28, '956.jpg', 12),
(957, 'Jeans Cargo Slim', 'Estilo utilitario ajustado', '559.99', '503.99', 30, '957.jpg', 12),
(958, 'Jeans Acampanados de Tiro Alto', 'Estilo vintage y favorecedor', '479.99', '431.99', 32, '958.jpg', 12),
(959, 'Jeans Skinny Desgastados', 'Estilo ajustado con detalles modernos', '629.99', '566.99', 25, '959.jpg', 12),
(960, 'Jeans Rectos con Roturas', 'Diseño clásico con toque rebelde', '539.99', '485.99', 23, '960.jpg', 12),
(961, 'Jeans Boyfriend', 'Comodidad con estilo masculino', '499.99', '449.99', 28, '961.jpg', 12),
(962, 'Jeans Capri', 'Perfectos para días cálidos', '369.99', '332.99', 21, '962.jpg', 12),
(963, 'Jeans Pitillo', 'Versatilidad y comodidad', '429.99', '386.99', 24, '963.jpg', 12),
(964, 'Jeans Estilo Patchwork', 'Diseño único con parches', '599.99', '539.99', 26, '964.jpg', 12),
(965, 'Jeans de Tiro Bajo', 'Estilo juvenil y desenfadado', '379.99', '341.99', 30, '965.jpg', 12),
(966, 'Jeans Rectos con Franjas', 'Detalles modernos para un look elegante', '539.99', '485.99', 32, '966.jpg', 12),
(967, 'Jeans Estilo Sarga', 'Tejido resistente para uso diario', '469.99', '422.99', 25, '967.jpg', 12),
(968, 'Jeans Culotte', 'Pierna ancha para un look chic', '489.99', '440.99', 23, '968.jpg', 12),
(969, 'Jeans Rectos con Cordones', 'Detalles únicos para un look moderno', '599.99', '539.99', 28, '969.jpg', 12),
(970, 'Jeans Acampanados Desgastados', 'Estilo retro con detalles modernos', '549.99', '494.99', 21, '970.jpg', 12),
(971, 'Jeans Desgastados con Parches', 'Look desenfadado con toque divertido', '479.99', '431.99', 24, '971.jpg', 12),
(972, 'Jeans Rectos con Perlas', 'Toque elegante para un look clásico', '559.99', '503.99', 26, '972.jpg', 12),
(973, 'Jeans Push Up Desgastados', 'Realza tus curvas con estilo desenfadado', '529.99', '476.99', 30, '973.jpg', 12),
(974, 'Jeans Relajados de Tiro Alto', 'Comodidad y estilo vintage', '489.99', '440.99', 32, '974.jpg', 12),
(975, 'Jeans Skinny con Estampado', 'Diseño moderno para un look único', '599.99', '539.99', 25, '975.jpg', 12),
(976, 'Jeans de Terciopelo', 'Elegancia y suavidad para ocasiones especiales', '699.99', '629.99', 23, '976.jpg', 12),
(977, 'Jeans Acampanados de Tiro Bajo', 'Estilo retro juvenil', '519.99', '467.99', 28, '977.jpg', 12),
(978, 'Jeans Rectos con Detalles de Encaje', 'Toque femenino para un look clásico', '559.99', '503.99', 30, '978.jpg', 12),
(979, 'Jeans Skinny de Colores', 'Atrévete con colores vibrantes', '449.99', '404.99', 32, '979.jpg', 12),
(980, 'Jeans Rasgados con Cadenas', 'Estilo moderno con detalles audaces', '639.99', '575.99', 25, '980.jpg', 12),
(981, 'Jeans Estilo Motero Desgastados', 'Look audaz con detalles desenfadados', '599.99', '539.99', 23, '981.jpg', 12),
(982, 'Jeans con Dobladillo Desigual', 'Detalles modernos para un look único', '529.99', '476.99', 28, '982.jpg', 12),
(983, 'Jeans de Pana', 'Estilo retro con textura suave', '479.99', '431.99', 30, '983.jpg', 12),
(984, 'Jeans Rectos con Cinturón', 'Detalles elegantes para un look formal', '559.99', '503.99', 32, '984.jpg', 12),
(985, 'Jeans Slim Fit con Rayas', 'Diseño moderno para un look único', '599.99', '539.99', 25, '985.jpg', 12),
(986, 'Jeans Mom Fit', 'Estilo clásico y comodidad', '499.99', '449.99', 23, '986.jpg', 12),
(987, 'Jeans Bootcut Desgastados', 'Look retro con detalles desenfadados', '519.99', '467.99', 28, '987.jpg', 12),
(988, 'Jeans Skinny con Bolsillos', 'Estilo moderno y funcional', '449.99', '404.99', 30, '988.jpg', 12),
(989, 'Jeans Estilo Campana', 'Pierna ancha para un look retro', '539.99', '485.99', 32, '989.jpg', 12),
(990, 'Jeans Relajados con Cordones', 'Comodidad y detalles modernos', '489.99', '440.99', 25, '990.jpg', 12),
(991, 'Jeans con Bolsillos Cargo', 'Estilo utilitario para un look casual', '559.99', '503.99', 23, '991.jpg', 12),
(992, 'Jeans Rectos con Parches', 'Estilo clásico con toque moderno', '629.99', '566.99', 28, '992.jpg', 12),
(993, 'Jeans Jogger Desgastados', 'Comodidad con detalles modernos', '599.99', '539.99', 30, '993.jpg', 12),
(994, 'Jeans Boyfriend Desgastados', 'Comodidad con estilo desenfadado', '519.99', '467.99', 32, '994.jpg', 12),
(995, 'Jeans Estilo Patchwork Desgastados', 'Diseño único con detalles desenfadados', '629.99', '566.99', 25, '995.jpg', 12),
(996, 'Jeans Rectos con Roturas Desgastados', 'Diseño clásico con toque rebelde', '539.99', '485.99', 23, '996.jpg', 12),
(997, 'Jeans Cargo Slim Desgastados', 'Estilo utilitario ajustado con detalles desenfadados', '559.99', '503.99', 28, '997.jpg', 12),
(998, 'Jeans Acampanados de Tiro Alto Desgastados', 'Estilo vintage y favorecedor con detalles modernos', '479.99', '431.99', 30, '998.jpg', 12),
(999, 'Jeans Skinny Desgastados con Parches', 'Estilo ajustado con detalles modernos y desenfadados', '629.99', '566.99', 32, '999.jpg', 12),
(1000, 'Jeans Slim Fit Desgastados', 'Diseño moderno con detalles desgastados', '529.99', '476.99', 25, '1000.jpg', 12),
(1001, 'Jordan Air 1', 'Zapatillas de baloncesto Jordan', '3000.00', '2500.00', 20, '1001.jpg', 16),
(1002, 'Nike Air Max', 'Zapatillas deportivas Nike Air Max', '2500.00', '2000.00', 30, '1002.jpg', 16),
(1003, 'Puma RS-X', 'Zapatillas de estilo retro Puma RS-X', '2000.00', '1600.00', 25, '1003.jpg', 16),
(1004, 'Adidas Superstar', 'Zapatillas clásicas Adidas Superstar', '1800.00', '1500.00', 15, '1004.jpg', 16),
(1005, 'Reebok Classic', 'Zapatillas Reebok Classic para uso diario', '2200.00', '1800.00', 18, '1005.jpg', 16),
(1006, 'Under Armour Charged', 'Zapatillas para correr Under Armour Charged', '2800.00', '2400.00', 22, '1006.jpg', 16),
(1007, 'New Balance 990', 'Zapatillas New Balance 990 de alto rendimiento', '3200.00', '2800.00', 25, '1007.jpg', 16),
(1008, 'Vans Old Skool', 'Zapatillas clásicas Vans Old Skool', '1800.00', '1500.00', 20, '1008.jpg', 16),
(1009, 'Converse Chuck Taylor', 'Zapatillas icónicas Converse Chuck Taylor', '1500.00', '1200.00', 18, '1009.jpg', 16),
(1010, 'Asics Gel-Kayano', 'Zapatillas de running Asics Gel-Kayano', '2700.00', '2200.00', 21, '1010.jpg', 16),
(1011, 'Salomon Speedcross', 'Zapatillas de trail running Salomon Speedcross', '3000.00', '2500.00', 15, '1011.jpg', 16),
(1012, 'Brooks Ghost', 'Zapatillas de running Brooks Ghost', '2500.00', '2000.00', 19, '1012.jpg', 16),
(1013, 'Mizuno Wave Rider', 'Zapatillas de running Mizuno Wave Rider', '2300.00', '1900.00', 20, '1013.jpg', 16),
(1014, 'Under Armour HOVR', 'Zapatillas de entrenamiento Under Armour HOVR', '2200.00', '1800.00', 22, '1014.jpg', 16),
(1015, 'Adidas Ultraboost', 'Zapatillas de running Adidas Ultraboost', '3200.00', '2800.00', 24, '1015.jpg', 16),
(1016, 'Puma Cali', 'Zapatillas casuales Puma Cali', '2000.00', '1600.00', 17, '1016.jpg', 16),
(1017, 'Nike React Element', 'Zapatillas de estilo Nike React Element', '2800.00', '2400.00', 20, '1017.jpg', 16),
(1018, 'Fila Disruptor', 'Zapatillas Fila Disruptor de moda', '1800.00', '1500.00', 18, '1018.jpg', 16),
(1019, 'Sketchers Memory Foam', 'Zapatillas con tecnología Sketchers Memory Foam', '2000.00', '1600.00', 23, '1019.jpg', 16),
(1020, 'Lacoste Carnaby', 'Zapatillas de moda Lacoste Carnaby', '2400.00', '2000.00', 21, '1020.jpg', 16),
(1021, 'Adidas NMD', 'Zapatillas modernas Adidas NMD', '2800.00', '2400.00', 25, '1021.jpg', 16),
(1022, 'Vans Sk8-Hi', 'Zapatillas de alta top Vans Sk8-Hi', '2000.00', '1600.00', 20, '1022.jpg', 16),
(1023, 'Nike Air Force 1', 'Zapatillas clásicas Nike Air Force 1', '2200.00', '1800.00', 22, '1023.jpg', 16),
(1024, 'Reebok Nano', 'Zapatillas de entrenamiento Reebok Nano', '2500.00', '2000.00', 18, '1024.jpg', 16),
(1025, 'Puma Future Rider', 'Zapatillas Puma Future Rider retro', '1900.00', '1500.00', 19, '1025.jpg', 16),
(1026, 'Converse One Star', 'Zapatillas Converse One Star de moda', '1800.00', '1500.00', 21, '1026.jpg', 16),
(1027, 'New Balance Fresh Foam', 'Zapatillas running New Balance Fresh Foam', '2700.00', '2200.00', 24, '1027.jpg', 16),
(1028, 'Under Armour Speedform', 'Zapatillas de running Under Armour Speedform', '3000.00', '2500.00', 20, '1028.jpg', 16),
(1029, 'Adidas Yeezy Boost', 'Zapatillas Adidas Yeezy Boost de edición limitada', '4000.00', '3500.00', 15, '1029.jpg', 16),
(1030, 'Salomon XA Pro', 'Zapatillas de trail running Salomon XA Pro', '3200.00', '2800.00', 23, '1030.jpg', 16),
(1031, 'Brooks Adrenaline', 'Zapatillas de running Brooks Adrenaline', '2300.00', '1900.00', 17, '1031.jpg', 16),
(1032, 'Mizuno Wave Inspire', 'Zapatillas de running Mizuno Wave Inspire', '2400.00', '2000.00', 20, '1032.jpg', 16),
(1033, 'Under Armour Gemini', 'Zapatillas de entrenamiento Under Armour Gemini', '2100.00', '1700.00', 18, '1033.jpg', 16),
(1034, 'Adidas Stan Smith', 'Zapatillas clásicas Adidas Stan Smith', '1900.00', '1500.00', 26, '1034.jpg', 16),
(1035, 'Puma Thunder Spectra', 'Zapatillas Puma Thunder Spectra de estilo retro', '2600.00', '2200.00', 22, '1035.jpg', 16),
(1036, 'Nike Joyride Run', 'Zapatillas Nike Joyride Run para correr', '2800.00', '2400.00', 25, '1036.jpg', 16),
(1037, 'Fila Ray Tracer', 'Zapatillas Fila Ray Tracer de moda', '1700.00', '1400.00', 19, '1037.jpg', 16),
(1038, 'Sketchers Go Walk', 'Zapatillas cómodas Sketchers Go Walk', '2100.00', '1700.00', 21, '1038.jpg', 16),
(1039, 'Lacoste Lerond', 'Zapatillas de moda Lacoste Lerond', '2000.00', '1600.00', 20, '1039.jpg', 16),
(1040, 'ASICS Tiger', 'Zapatillas ASICS Tiger estilo retro', '2400.00', '2000.00', 18, '1040.jpg', 16),
(1041, 'Reebok Classic Leather', 'Zapatillas Reebok Classic Leather', '1800.00', '1500.00', 25, '1041.jpg', 16),
(1042, 'Under Armour HOVR Sonic', 'Zapatillas de running Under Armour HOVR Sonic', '2400.00', '2000.00', 28, '1042.jpg', 16),
(1043, 'New Balance 574', 'Zapatillas New Balance 574', '2200.00', '1800.00', 32, '1043.jpg', 16),
(1044, 'Adidas Ultra Boost Uncaged', 'Zapatillas Adidas Ultra Boost Uncaged', '3200.00', '2800.00', 30, '1044.jpg', 16),
(1045, 'Puma Calibrate Runner', 'Zapatillas Puma Calibrate Runner', '2000.00', '1600.00', 35, '1045.jpg', 16),
(1046, 'Nike Blazer Mid', 'Zapatillas Nike Blazer Mid', '2800.00', '2400.00', 18, '1046.jpg', 16),
(1047, 'Saucony Kinvara', 'Zapatillas Saucony Kinvara para correr', '2600.00', '2200.00', 23, '1047.jpg', 16),
(1048, 'Converse Chuck 70', 'Zapatillas Converse Chuck 70', '1800.00', '1500.00', 27, '1048.jpg', 16),
(1049, 'ASICS GEL-Nimbus', 'Zapatillas ASICS GEL-Nimbus para running', '3200.00', '2800.00', 21, '1049.jpg', 16),
(1050, 'Fila Mindblower', 'Zapatillas Fila Mindblower de estilo retro', '1900.00', '1500.00', 22, '1050.jpg', 16),
(1051, 'Vans Authentic', 'Zapatillas Vans Authentic', '2000.00', '1600.00', 24, '1051.jpg', 16),
(1052, 'Under Armour Charged Assert', 'Zapatillas Under Armour Charged Assert para correr', '2300.00', '1900.00', 20, '1052.jpg', 16),
(1053, 'Adidas EQT Support', 'Zapatillas Adidas EQT Support', '2200.00', '1800.00', 19, '1053.jpg', 16),
(1054, 'Puma Mirage Sport', 'Zapatillas Puma Mirage Sport de estilo urbano', '2000.00', '1600.00', 26, '1054.jpg', 16),
(1055, 'Nike Free RN', 'Zapatillas Nike Free RN para running', '2500.00', '2000.00', 29, '1055.jpg', 16),
(1056, 'Brooks Levitate', 'Zapatillas Brooks Levitate', '2700.00', '2200.00', 31, '1056.jpg', 16),
(1057, 'Mizuno Wave Sky', 'Zapatillas Mizuno Wave Sky para running', '2900.00', '2400.00', 18, '1057.jpg', 16),
(1058, 'Sketchers D-Lites', 'Zapatillas Sketchers D-Lites', '2100.00', '1700.00', 25, '1058.jpg', 16),
(1059, 'Lacoste Europa', 'Zapatillas Lacoste Europa de estilo casual', '2000.00', '1600.00', 28, '1059.jpg', 16),
(1060, 'ASICS GEL-Lyte III', 'Zapatillas ASICS GEL-Lyte III de estilo retro', '2400.00', '2000.00', 23, '1060.jpg', 16),
(1062, 'Camisa Clásica Azul', 'Camisa de algodón de color azul, ideal para ocasiones formales.', '39.99', '29.99', 50, '1062.jpg', 14),
(1063, 'Camisa a Rayas Gris', 'Camisa a rayas de manga larga en tonos grises.', '49.99', '39.99', 30, '1063.jpg', 14),
(1064, 'Camisa Slim Fit Blanca', 'Camisa blanca de corte ajustado, perfecta para eventos elegantes.', '34.99', '24.99', 40, '1064.jpg', 14),
(1065, 'Camisa a Cuadros Roja', 'Camisa a cuadros en tonos rojos, estilo casual.', '29.99', '19.99', 60, '1065.jpg', 14),
(1066, 'Camisa Denim', 'Camisa denim con botones, ideal para un look desenfadado.', '44.99', '34.99', 25, '1066.jpg', 14),
(1067, 'Camisa Slim Fit Negra', 'Camisa negra de corte ajustado, perfecta para ocasiones especiales.', '39.99', '29.99', 35, '1067.jpg', 14),
(1068, 'Camisa Estampada Floral', 'Camisa con estampado floral, ideal para un look veraniego.', '54.99', '44.99', 20, '1068.jpg', 14),
(1069, 'Camisa Oxford Azul', 'Camisa estilo Oxford de color azul, clásica y versátil.', '37.99', '27.99', 45, '1069.jpg', 14),
(1070, 'Camisa a Rayas Azules', 'Camisa a rayas en tonos azules, perfecta para un look casual.', '32.99', '22.99', 55, '1070.jpg', 14),
(1071, 'Camisa Slim Fit a Cuadros', 'Camisa de corte ajustado a cuadros, ideal para destacar.', '42.99', '32.99', 30, '1071.jpg', 14),
(1072, 'Camisa Polo Gris', 'Camisa polo de manga corta en color gris, cómoda y elegante.', '27.99', '17.99', 70, '1072.jpg', 14),
(1073, 'Camisa Vaquera', 'Camisa vaquera con detalles desgastados, para un estilo urbano.', '49.99', '39.99', 25, '1073.jpg', 14),
(1074, 'Camisa Slim Fit a Rayas', 'Camisa de corte ajustado a rayas, ideal para looks modernos.', '38.99', '28.99', 40, '1074.jpg', 14),
(1075, 'Camisa Casual Beige', 'Camisa casual en tono beige, perfecta para el día a día.', '31.99', '21.99', 50, '1075.jpg', 14),
(1076, 'Camisa Polo Negra', 'Camisa polo de manga corta en color negro, clásica y versátil.', '29.99', '19.99', 65, '1076.jpg', 14),
(1077, 'Camisa Estampado Geométrico', 'Camisa con estampado geométrico, ideal para un look original.', '45.99', '35.99', 30, '1077.jpg', 14),
(1078, 'Camisa Slim Fit a Rayas Rojas', 'Camisa de corte ajustado a rayas en tonos rojos.', '36.99', '26.99', 35, '1078.jpg', 14),
(1079, 'Camisa Casual Gris', 'Camisa casual en tono gris, cómoda y versátil.', '33.99', '23.99', 45, '1079.jpg', 14),
(1080, 'Camisa Polo Azul Marino', 'Camisa polo de manga corta en color azul marino, clásica y elegante.', '28.99', '18.99', 60, '1080.jpg', 14),
(1081, 'Camisa Estampado Camuflaje', 'Camisa con estampado de camuflaje, ideal para un look urbano.', '41.99', '31.99', 25, '1081.jpg', 14),
(1082, 'Camisa a Rayas Verdes', 'Camisa a rayas en tonos verdes, perfecta para un look fresco.', '879.99', '649.99', 50, '1082.jpg', 14),
(1083, 'Camisa Casual Azul', 'Camisa casual de color azul, cómoda y versátil.', '739.99', '499.99', 60, '1083.jpg', 14),
(1084, 'Camisa Slim Fit a Cuadros Rojos', 'Camisa de corte ajustado a cuadros en tonos rojos.', '1.00', '799.99', 40, '1084.jpg', 14),
(1085, 'Camisa Polo Blanca', 'Camisa polo de manga corta en color blanco, clásica y elegante.', '656.99', '411.99', 70, '1085.jpg', 14),
(1086, 'Camisa Estampado Abstracto', 'Camisa con estampado abstracto, ideal para un look artístico.', '919.99', '719.99', 30, '1086.jpg', 14),
(1087, 'Camisa Oxford Gris', 'Camisa estilo Oxford de color gris, clásica y versátil.', '719.99', '529.99', 45, '1087.jpg', 14),
(1088, 'Camisa Denim Desgastada', 'Camisa denim desgastada con detalles rotos, para un estilo desenfadado.', '899.99', '699.99', 25, '1088.jpg', 14),
(1089, 'Camisa Slim Fit a Rayas Verdes', 'Camisa de corte ajustado a rayas en tonos verdes.', '759.99', '559.99', 35, '1089.jpg', 14),
(1090, 'Camisa Casual Blanca', 'Camisa casual en tono blanco, perfecta para el día a día.', '659.99', '459.99', 55, '1090.jpg', 14),
(1091, 'Camisa Polo Gris Oscuro', 'Camisa polo de manga corta en color gris oscuro, clásica y versátil.', '527.99', '341.99', 65, '1091.jpg', 14),
(1092, 'Camisa Estampado Animal Print', 'Camisa con estampado de animal print, ideal para un look salvaje.', '869.99', '679.99', 20, '1092.jpg', 14),
(1093, 'Camisa Slim Fit a Rayas Azules', 'Camisa de corte ajustado a rayas en tonos azules.', '719.99', '529.99', 40, '1093.jpg', 14),
(1094, 'Camisa Casual Gris Oscuro', 'Camisa casual en tono gris oscuro, cómoda y versátil.', '659.99', '459.99', 45, '1094.jpg', 14),
(1095, 'Camisa Polo Roja', 'Camisa polo de manga corta en color rojo, clásica y elegante.', '559.99', '369.99', 60, '1095.jpg', 14),
(1096, 'Camisa Estampado Paisley', 'Camisa con estampado paisley, ideal para un look bohemio.', '829.99', '629.99', 25, '1096.jpg', 14),
(1097, 'Camisa Slim Fit a Cuadros Azules', 'Camisa de corte ajustado a cuadros en tonos azules.', '779.99', '579.99', 35, '1097.jpg', 14),
(1098, 'Camisa Casual Negra', 'Camisa casual en tono negro, cómoda y versátil.', '629.99', '429.99', 50, '1098.jpg', 14),
(1099, 'Camisa Polo Verde', 'Camisa polo de manga corta en color verde, clásica y versátil.', '599.99', '399.99', 55, '1099.jpg', 14),
(1100, 'Camisa Estampado Geométrico Blanco y Negro', 'Camisa con estampado geométrico en blanco y negro.', '919.99', '719.99', 30, '1100.jpg', 14),
(1101, 'Camisa Slim Fit a Rayas Negras', 'Camisa de corte ajustado a rayas en tonos negros.', '759.99', '559.99', 35, '1101.jpg', 14),
(1102, 'Camisa Casual Verde', 'Camisa casual en tono verde, cómoda y versátil.', '879.99', '649.99', 40, '1102.jpg', 14),
(1103, 'Camisa Polo Amarilla', 'Camisa polo de manga corta en color amarillo, clásica y alegre.', '659.99', '459.99', 65, '1103.jpg', 14),
(1104, 'Camisa Estampado Floral Blanco', 'Camisa con estampado floral en tonos blancos.', '1.00', '799.99', 30, '1104.jpg', 14),
(1105, 'Camisa Slim Fit a Cuadros Verdes', 'Camisa de corte ajustado a cuadros en tonos verdes.', '919.99', '679.99', 45, '1105.jpg', 14),
(1106, 'Camisa Casual Roja', 'Camisa casual en tono rojo, cómoda y versátil.', '829.99', '629.99', 50, '1106.jpg', 14),
(1107, 'Camisa Polo Azul Claro', 'Camisa polo de manga corta en color azul claro, clásica y versátil.', '699.99', '459.99', 60, '1107.jpg', 14),
(1108, 'Camisa Estampado Floral Negro', 'Camisa con estampado floral en tonos negros.', '869.99', '679.99', 25, '1108.jpg', 14),
(1109, 'Camisa Slim Fit a Rayas Blancas', 'Camisa de corte ajustado a rayas en tonos blancos.', '719.99', '529.99', 35, '1109.jpg', 14),
(1110, 'Camisa Casual Amarilla', 'Camisa casual en tono amarillo, cómoda y versátil.', '659.99', '459.99', 45, '1110.jpg', 14),
(1111, 'Camisa Polo Naranja', 'Camisa polo de manga corta en color naranja, clásica y llamativa.', '599.99', '399.99', 55, '1111.jpg', 14),
(1112, 'Camisa Estampado Cuadros', 'Camisa con estampado de cuadros, ideal para un look moderno.', '839.99', '639.99', 30, '1112.jpg', 14),
(1113, 'Camisa Slim Fit a Rayas Rosas', 'Camisa de corte ajustado a rayas en tonos rosas.', '779.99', '579.99', 35, '1113.jpg', 14),
(1114, 'Camisa Casual Naranja', 'Camisa casual en tono naranja, cómoda y versátil.', '879.99', '649.99', 40, '1114.jpg', 14),
(1115, 'Camisa Polo Rosa', 'Camisa polo de manga corta en color rosa, clásica y femenina.', '699.99', '459.99', 65, '1115.jpg', 14),
(1116, 'Camisa Estampado Vintage', 'Camisa con estampado vintage, ideal para un look retro.', '1.00', '799.99', 25, '1116.jpg', 14),
(1117, 'Camisa Slim Fit a Cuadros Marrones', 'Camisa de corte ajustado a cuadros en tonos marrones.', '919.99', '679.99', 45, '1117.jpg', 14),
(1118, 'Camisa Casual Morada', 'Camisa casual en tono morado, cómoda y versátil.', '829.99', '629.99', 50, '1118.jpg', 14),
(1119, 'Camisa Polo Morada', 'Camisa polo de manga corta en color morado, clásica y elegante.', '699.99', '459.99', 60, '1119.jpg', 14),
(1120, 'Camisa Estampado Abstracto Blanco y Negro', 'Camisa con estampado abstracto en blanco y negro.', '869.99', '679.99', 30, '1120.jpg', 14);

-- --------------------------------------------------------

--
-- Estructura de tabla para la tabla `usuarios`
--

DROP TABLE IF EXISTS `usuarios`;
CREATE TABLE IF NOT EXISTS `usuarios` (
  `id` int NOT NULL AUTO_INCREMENT,
  `usuario` varchar(20) COLLATE utf8mb4_general_ci NOT NULL,
  `nombre` varchar(100) COLLATE utf8mb4_general_ci NOT NULL,
  `clave` varchar(100) COLLATE utf8mb4_general_ci NOT NULL,
  PRIMARY KEY (`id`)
) ENGINE=InnoDB AUTO_INCREMENT=4 DEFAULT CHARSET=utf8mb4 COLLATE=utf8mb4_general_ci;

--
-- Volcado de datos para la tabla `usuarios`
--

INSERT INTO `usuarios` (`id`, `usuario`, `nombre`, `clave`) VALUES
(1, 'admin', 'DANIEL', '21232f297a57a5a743894a0e4a801fc3'),
(2, 'Antonio', 'Antonio', 'Antonio'),
(3, 'DANIEL', 'DANIEL', 'Danifanton2');

--
-- Restricciones para tablas volcadas
--

--
-- Filtros para la tabla `productos`
--
ALTER TABLE `productos`
  ADD CONSTRAINT `productos_ibfk_1` FOREIGN KEY (`id_categoria`) REFERENCES `categorias` (`id`) ON DELETE CASCADE ON UPDATE CASCADE;
COMMIT;

/*!40101 SET CHARACTER_SET_CLIENT=@OLD_CHARACTER_SET_CLIENT */;
/*!40101 SET CHARACTER_SET_RESULTS=@OLD_CHARACTER_SET_RESULTS */;
/*!40101 SET COLLATION_CONNECTION=@OLD_COLLATION_CONNECTION */;
